SppCode_GAP,ComName_GAP,SciName_GAP,Xwalk_Notes,ComName_WRC,SciName_WRC,CA_4.2.10c,CA_4.2.11c,CA_4.2.12,CA_4.2.13c,CA_4.2.14,CA_4.2.8c,CA_4.2.9c,CT_4.4.1,CT_4.4.11,CT_4.4.13,CT_4.4.14u,CT_4.4.15,CT_4.4.16,CT_4.4.17h,CT_4.4.17s,CT_4.4.17w,CT_4.4.18,CT_4.4.8,CT_4.4.9,CW_4.3.10,CW_4.3.11,CW_4.3.2,CW_4.3.3,CW_4.3.4,CW_4.3.6,CW_4.3.7,CW_4.3.8,CW_4.3.9,CW_4.4.14w,MA_4.2.13a,MA_4.2.13b,MA_4.2.13c,MA_4.2.6a,MA_4.2.7a,MA_4.2.7b,MA_4.2.7c,MA_4.2.8a,MA_4.2.8b,MA_4.2.8c,MA_4.2.9a,MA_4.2.9b,MA_4.2.9c,MT_4.4.1,MT_4.4.10,MT_4.4.11,MT_4.4.12,MT_4.4.17h,MT_4.4.17s,MT_4.4.17w,MT_4.4.18,MT_4.4.2,MT_4.4.3,MT_4.4.4,MT_4.4.5,MT_4.4.6,MT_4.4.7,MT_4.4.8,MW_4.3.1,MW_4.3.10,MW_4.3.5,MW_4.3.9,PA_4.2.13b,PA_4.2.13c,PA_4.2.7b,PA_4.2.7c,PA_4.2.8b,PA_4.2.8c,PA_4.2.9b,PA_4.2.9c,PT_4.4.1,PT_4.4.10,PT_4.4.11,PT_4.4.13,PT_4.4.17h,PT_4.4.18,PT_4.4.5,PT_4.4.8,PT_4.4.9,PW_4.3.10,PW_4.3.5,PW_4.3.9,PT_4.4.17s,PT_4.4.17w,SA_4.2.13c,SA_4.2.7c,SA_4.2.8c,SA_4.2.9c,ST_4.4.1,ST_4.4.11,ST_4.4.13,ST_4.4.17h,ST_4.4.17s,ST_4.4.17w,ST_4.4.18,ST_4.4.9,SW_4.3.11,SW_4.3.4,SW_4.3.5,SW_4.3.7,SW_4.3.8,SW_4.3.9
aBGCSx,Blue Ridge Gray-cheeked Salamander,Plethodon amplus,,Blue Ridge Gray-cheeked Salamander,Plethodon amplus,,,,,,,,,,,,,,,,,,,,,,,,,,,,,,,,,,,,,,,,,,,X,X,X,X,,,,,,,X,,,,X,,,,,,,,,,,,,,,,,,,,,,,,,,,,,,,,,,,,,,,,,,,,
aCHSAx,Cheoah Bald Salamander,Plethodon cheoah,,Cheoah Bald Salamander,Plethodon cheoah,,,,,,,,,,,,,,,,,,,,,,,,,,,,,,,,,,,,,,,,,,,,,X,X,,,,,,X,X,,,,,,,,,,,,,,,,,,,,,,,,,,,,,,,,,,,,,,,,,,,,,,,,
aCSMSx,Chattahoochee Slimy Salamander,Plethodon chattahoochee,,Chattahoochee Slimy Salamander,Plethodon chattahoochee,,,,,,,,,,,,,,,,,,,,,,,,,,,,,,,,,,,,,,,,,,,,,X,X,,,,,,X,X,,,,,,,,,,,,,,,,,,,,,,,,,,,,,,,,,,,,,,,,,,,,,,,,
aDBBSx,Dwarf Black-bellied Salamander,Desmognathus folkertsi,,Dwarf Black-bellied Salamander,Desmognathus folkertsi,,,,,,,,,,,,,,,,,,,,,,,,,,,,,,,,,,X,X,,,,,,,,,,X,X,,,,,,X,X,,,,,,,,,,,,,,,,,,,,,,,,,,,,,,,,,,,,,,,,,,,,,,,,
aETSAx,Eastern Tiger Salamander,Ambystoma tigrinum,,Eastern Tiger Salamander,Ambystoma tigrinum tigrinum,,,,,,,,,,,,,,,,,,,,,X,,,,,,,X,,,,,,,,,,,,,,,,,,,,,,,,,,,,,,,,,,,,,,,,,,,,,,,,,,,,,X,,,,,,,,,X,,,,,,,,,,,
aFTSAx,Four-toed Salamander,Hemidactylium scutatum,,Four-toed Salamander,Hemidactylium scutatum,,,,,,,,,,,,,,,,,,,,,,,,,,,,,,,,,,,,,,,,,,,,,X,X,,,,,,X,X,,,,,X,X,X,X,,,,,,,,,,,X,,,,,,X,X,X,X,,,,,,,,,,,,,,,,,,,,
mGRMYx,Gray Myotis,Myotis grisescens,,Gray Myotis,Myotis grisescens,,,,,,,,,,,,,,,,,,,,,,,,,,,,,,,,,,,,,,,,,,,X,,,,,,,,,,,,,,,,,,,,,,,,,,,,,,,,,,,,,,,,,,,,,,,,,,,,,,,,,,
aGOFRx,Gopher Frog,Lithobates capito,,Gopher Frog,Lithobates capito,,,,,,,,,,,,,,,,,,,X,,X,,,,,,,X,,,,,,,,,,,,,,,,,,,,,,,,,,,,,,,,,,,,,,,,,,,,,,,,,,,,,,,,,,,,,,X,,,,,,,,,,,
aHELLa,Eastern Hellbender,Cryptobranchus alleganiensis alleganiensis,,Eastern Hellbender,Cryptobranchus alleganiensis allaganiensis,,,,,,,,,,,,,,,,,,,,,,,,,,,,,,X,X,,,X,X,,X,X,,X,X,,,,,,,,,,,,,,,,,,,,,,,,,,,,,,,,,,,,,,,,,,,,,,,,,,,,,,,,,,,,
aIMSAx,Imitator Salamander,Desmognathus imitator,,Imitator Salamander,Desmognathus imitator,,,,,,,,,,,,,,,,,,,,,,,,,,,,,,,,,,X,X,,,,,,,,,,,X,,,,,X,X,X,,,X,,,,,,,,,,,,,,,,,,,,,,,,,,,,,,,,,,,,,,,,,,,,,
aJUSAx,Junaluska Salamander,Eurycea junaluska,,Junaluska Salamander,Eurycea junaluska,,,,,,,,,,,,,,,,,,,,,,,,,,,,,,,,,,X,X,,X,X,,X,X,,,,X,X,,,,,,,X,,,,,,,X,,,,,,,,,,,,,,,,,,,,,,,,,,,,,,,,,,,,,,,,,
aLESIx,Lesser Siren,Siren intermedia,represented as full species in GAP,Eastern Lesser Siren,Siren intermedia intermedia,,,,,,,,,,,,,,,,,,,,,,,,,,,,X,,,,,,,,,,,,,,,,,,,,,,,,,,,,,,,,,,,,,,,,,,,,,,,,,,,,,,,,,,,,,,,,,,,,,,,,,
aLTASx,Long-tailed Salamander,Eurycea longicauda,,Long-tailed Salamander,Eurycea longicauda longicauda,,,,,,,,,,,,,,,,,,,,,,,,,,,,,,,,,X,X,X,,X,X,,X,X,,X,,X,X,,,,,,X,X,,,X,X,X,X,X,X,,,,,,,,,,,,,,,,,,,,,,,,,,,,,,,,,,,,,,,,
aMBSAx,Mabee's Salamander,Ambystoma mabeei,,Mabee's Salamander,Ambystoma mabeei,,,,,,,,,,,,,,,,,,,X,,X,,X,X,,,,X,,,,,,,,,,,,,,,,,,,,,,,,,,,,,,,,,,,,,,,,,,,,,,,,,,,,,,,,,,,,,,,,,,,,,,,,,
aMLSAx,Many-lined Salamander,Stereochilus marginatus,,Many-lined Salamander,Stereochilus marginatus,,,,,,X,,,,,,,,,,,,,,,,,,,,,X,,,,,,,,,,,,,,,,,,,,,,,,,,,,,,,,,,,,,,,,,,,,,,,,,,,,,,,,,,,,,,,,,,,,,,,,,,
aMOSAx,Mole Salamander,Ambystoma talpoideum,,Mole Salamander,Ambystoma talpoideum,,,,,,,,,,,,,,,,,,,,,,,,,,,,,,,,,,,,,,,,,,,,,X,X,,,,X,,,X,,,,,X,,X,X,,,,,,,,,,,X,,,X,,,X,,X,X,,,,,,,,,,,,,,,,,,,,
aMUDPx,Mudpuppy,Necturus maculosus,represented as full species in GAP,Common Mudpuppy,Necturus maculosus maculosus,,,,,,,,,,,,,,,,,,,,,,,,,,,,,,X,X,X,,X,X,X,X,X,X,X,X,X,,,,,,,,,,,,,,,,,,,,,,,,,,,,,,,,,,,,,,,,,,,,,,,,,,,,,,,,,,,
aNRWAx,Neuse River Waterdog,Necturus lewisi,,Neuse River Waterdog,Necturus lewisi,,,,,,X,,,,,,,,,,,,,,,,,,,,,,,,,,,,,,,,,,,,,,,,,,,,,,,,,,,,,,,,,,,,,,,,,,,,,,,,,,,,,,,,,,,,,,,,,,,,,,,
aNSSAx,Northern Slimy Salamander,Plethodon glutinosus,,Northern Slimy Salamander,Plethodon glutinosus,,,,,,,,,X,,,,,,,,,,X,,X,,X,X,,,,,,,,,,,,,,,,,,,,,X,X,,,X,,X,X,X,,,,,,,X,,,,,,,,,,,,X,,,,,,X,,X,,,,,,,,,,X,,,,,,,,,,,
mRBEBx,Rafinesque's Big-eared Bat,Corynorhinus rafinesquii,,Rafinesque's Big-eared bat,Corynorhinus rafinesquii,,,,,,,,,,,,,,,,,,,,,,,X,X,,X,,,,,,,,,,,,,,,,,X,,,,,,,,,,,,,,,,,,,,,,,,,,,,,,,,,,,,,X,,,,,,,,,,,,,,,,,,,,,
aPBTRx,Pine Barrens Treefrog,Hyla andersonii,,Pine Barrens Treefrog,Hyla andersonii,,,,,,,,,,,,,,,,,,,,,X,,,,,,X,X,,,,,,,,,,,,,,,,,,,,,,,,,,,,,,,,,,,,,,,,,,,,,,,,,,,,,,,,,,,,,,X,,,,,,,,,,,
aPYSAx,Pygmy Salamander,Desmognathus wrighti,Represents both Desmognathus organi and D. wrighti,Northern or Southern Pygmy Salamander,Desmognathus organi or D. wrighti,,,,,,,,,,,,,,,,,,,,,,,,,,,,,,,,,,,,,,,,,,,,,X,X,,,,,X,X,X,,,,,,,,,,,,,,,,,,,,,,,,,,,,,,,,,,,,,,,,,,,,,,,,
aRCSAx,Red-cheeked Salamander,Plethodon jordani,,Jordan's Salamander,Plethodon jordani,,,,,,,,,,,,,,,,,,,,,,,,,,,,,,,,,,,,,,,,,,,,,X,X,,,,,X,X,X,,,,,,,,,,,,,,,,,,,,,,,,,,,,,,,,,,,,,,,,,,,,,,,,
aRIFRx,River Frog,Lithobates heckscheri,,River Frog,Lithobates heckscheri,,,,,,X,,,,,,,,,,,,,,,,,,,,,,,,,,,,,,,,,,,,,,,,,,,,,,,,,,,,,,,,,,,,,,,,,,,,,,,,,,,,,,,,,,,,,,,,,,,,,,,
aRLSAx,Red-legged Salamander,Plethodon shermani,,Red-legged Salamander,Plethodon shermani,,,,,,,,,,,,,,,,,,,,,,,,,,,,,,,,,,,,,,,,,,,,X,X,X,,,,,,X,X,,,,,,,X,,,,,,,,,,,,,,,,,,,,,,,,,,,,,,,,,,,,,,,,,
aSADSx,Santeetlah Dusky Salamander,Desmognathus santeetlah,,Santeetlah Dusky salamander,Desmognathus santeetlah,,,,,,,,,,,,,,,,,,,,,,,,,,,,,,,,,,X,X,,X,X,,X,X,,,,X,X,,,,,X,X,X,,,,,,X,X,,,,,,,,,,,,,,,,,,,,,,,,,,,,,,,,,,,,,,,,,
aSEESx,Seepage Salamander,Desmognathus aeneus,,Seepage Salamander,Desmognathus aeneus,,,,,,,,,,,,,,,,,,,,,,,,,,,,,,,,,,X,X,,X,X,,,,,,,X,X,,,,,,X,X,,,,,X,X,X,X,,,,,,,,,,,,,,,,,,,,,,,,,,,,,,,,,,,,,,,,
aSMGSx,South Mountain Gray-cheeked Salamander,Plethodon meridianus,,South Mountain Gray-cheeked Salamander,Plethodon meridianus,,,,,,,,,,,,,,,,,,,,,,,,,,,,,,,,,,,,,,,,,,,X,X,X,X,,,,,,,X,,,,X,,,,,,,,,,,,,,,,,,,,,,,,,,,,,,,,,,,,,,,,,,,,
aSOASx,Southern Appalachian Salamander,Plethodon teyahalee,,Southern Appalachian Salamander,Plethodon teyahalee,,,,,,,,,,,,,,,,,,,,,,,,,,,,,,,,,,,,,,,,,,,,X,X,X,,,,,X,X,X,,,,,,,X,,,,,,,,,,,,,,,,,,,,,,,,,,,,,,,,,,,,,,,,,
aSOFRx,Southern Chorus Frog,Pseudacris nigrita,,Southern Chorus Frog,Pseudacris nigrita,,,,,,,,,X,X,,,,,,,,,X,,X,,,,,X,X,X,,,,,,,,,,,,,,,,,,,,,,,,,,,,,,,,,,,,,,,,,,,,,,,,,,,,,,,,,,,,,X,X,,,,,X,X,,,X,X,X
aSZSAx,Southern Zigzag Salamander,Plethodon ventralis,,Southern Zigzag Salamander,Plethodon ventralis,,,,,,,,,,,,,,,,,,,,,,,,,,,,,,,,,,,,,,,,,,,,,X,X,,,,,,X,X,,,,X,,,X,,,,,,,,,,,,,,,,,,,,,,,,,,,,,,,,,,,,,,,,,
aTESAx,Tellico Salamander,Plethodon aureolus,,Tellico Salamander,Plethodon aureolus,,,,,,,,,,,,,,,,,,,,,,,,,,,,,,,,,,,,,,,,,,,,,X,X,,,,,X,X,X,,,,,,,,,,,,,,,,,,,,,,,,,,,,,,,,,,,,,,,,,,,,,,,,
aWHSAx,Wehrle's Salamander,Plethodon wehrlei,,Wehrle's Salamander,Plethodon wehrlei,,,,,,,,,,,,,,,,,,,,,,,,,,,,,,,,,,,,,,,,,,,X,X,X,X,,,,,,X,X,,,,X,,,,,,,,,,,,,,,,,,,,,,,,,,,,,,,,,,,,,,,,,,,,
aWLSAx,Weller's Salamander,Plethodon welleri,,Weller's Salamander,Plethodon welleri,,,,,,,,,,,,,,,,,,,,,,,,,,,,,,,,,,,,,,,,,,,,,X,X,,,,,X,X,X,,,,,,,,,,,,,,,,,,,,,,,,,,,,,,,,,,,,,,,,,,,,,,,,
aWOFRx,Wood Frog,Rana sylvatica,represented as full species in GAP,Wood Frog - Coastal Plain Pop.,Lithobates sylvaticus pop.3,,,,,,,,,X,,,,,,,,,,X,,,,,,,X,X,X,,,,,,,,,,,,,,,,,,,,,,,,,,,,,,,,,,,,,,,,,,,,,,,,,,,,,,,,,,,,,,,,,,,,,,,,,
aYOSAx,Yonahlossee Salamander,Plethodon yonahlossee,,Yonahlossee Salamander,Plethodon yonahlossee,,,,,,,,,,,,,,,,,,,,,,,,,,,,,,,,,,,,,,,,,,,X,X,X,X,,,,,,X,X,,,X,X,,,,,,,,,,,,,,,,,,,,,,,,,,,,,,,,,,,,,,,,,,,,
bABDUx,American Black Duck,Anas rubripes,,American Black Duck,Anas rubripes,X,X,X,,X,X,X,,,,,,,,,,,,,,,X,X,X?,X,,,,,,,,,,,,,,,X,X,X,,,,,,,,,,,,,,,,,,,,X,X,,,,,X,X,,,,,,,,,,,,,,,,,,,,,,,,,,,,,,,,
bACFLx,Acadian Flycatcher,Empidonax virescens,,Acadian Flycatcher,Empidonax virescens,,,,,,,,,,,,,,,,,,,X,,,,X,X,,X,X,,X,,,,,,,,,,,,,,,,,,,,,,,,,,,,,,,X,,,,,,,,,,,,,,,,,,,,X,,,,,,X,,,,,,,,,,,X,X,X,X,
bALFLx,Alder Flycatcher,Empidonax alnorum,,Alder Flycatcher,Empidonax alnorum,,,,,,,,,,,,,,,,,,,,,,,,,,,,,,,,,,,,,,,,,,,,,,,,X,,,,,,,,,,X,,,,,,,,,,,,,,,,,,,,,,,,,,,,,,,,,,,,,,,,,,,
bAMAVx,American Avocet,Recurvirostra americana,,American Avocet,Recurvirostra americana,,,X,X,,,,,,,,,,,,,,,,,,X,,,,,,,,,,,,,,,,,,,,,,,,,,,,,,,,,,,,,,,,,,,,,,,,,,,,,,,,,,,,,,,,,,,,,,,,,,,,,,,
bAMBIx,American Bittern,Botaurus lentiginosus,,American Bittern,Botaurus lentiginosus,,X,,,,,,,,,,,,,,,,,,,,X,,,X,,,,,,,,,,,,,,,,,,,,,,,,,,,,,,,,,,,,,,,,,,,,,,,,,,,,,,,,,,,,,,,,,,,,,,,,,,,,
bAMKEx,American Kestrel,Falco sparverius,,American Kestrel,Falco sparverius,,,,,,,,,,X,,,,X,,,,,,,X,,X,,,,,,,,,,,,,,,,,,,,,,,,X,,,,,,,,,,,,,,,,,,,,,,,,,,X,,,,,,,,,X,,,,,,,,X,,,,,,,,,,,
bAMOYx,American Oystercatcher,Haematopus palliatus,,American Oystercatcher,Haematopus palliatus,,,,,,,,,,,,X,X,,,,,,,,,X,,,,,,,,,,,,,,,,,,,,,,,,,,,,,,,,,,,,,,,,,,,,,,,,,,,,,,,,,,,,,,,,,,,,,,,,,,,,,,,
bATBRx,Brant,Branta bernicla,,Brant,Branta bernicla,,,,,X,,,,,,,,,,,,,,,,,X,,,,,,,,,,,,,,,,,,,,,,,,,,,,,,,,,,,,,,,,,,,,,,,,,,,,,,,,,,,,,,,,,,,,,,,,,,,,,,,
bBACSx,Bachman's Sparrow,Aimophila aestivalis,,Bachman's Sparrow,Peucaea aestivalis,,,,,,,,,,X,,,,X,X,,,,,,X,,,,,,,,,,,,,,,,,,,,,,,,,,,,,,,,,,,,,,,,,,,,,,,,,,,,,X,,,,,,,,X,,,,,,,,X,X,X,,,,X?,,,,,
bBAEAx,Bald Eagle,Haliaeetus leucocephalus,,Bald Eagle,Haliaeetus leucocephalus,,X,X,X,,X,,,,,X,,,,,,,,,,,X,X,X,X,,,,,,,,,,,,,,,,,,,,,,,,,,,,,,,,,,,,,X,X,,,,,,,,,,,,,,,,,X,,,,,,,,,,,,,,,,,X,,,,
bBANOx,Barn Owl,Tyto alba,,Barn Owl,Tyto alba,,,,,,,,,X,,,,,X,X,,,,,,,,,,,,,,,,,,,,,,,,,,,,,,,,X,X,X,,,,,,,,,,,,,,,,,,,,,,,,,X,,,,,,,,X,X,,,,,,,,,,,,,,,,,,
bBANSx,Bank Swallow,Riparia riparia,,Bank Swallow,Riparia riparia,X,,X,X,,X,X,,,,,,,,,,,,,,,,,,,,,,,,,,,,,,,,,X?,X?,X?,,,,,,,,,,,,,,,,,,,,X?,X?,,,,,X?,X?,,,,,,,,,,,,,,,,,X,,,,,,,,,,,,,,,
bBBPLx,Black-bellied Plover,Pluvialis squatarola,,Black-bellied Plover,Pluvialis squatarola,,,,,,,,,,,,X,X,,,,,,,,,X,,,,,,,,,,,,,,,,,,,,,,,,,,,,,,,,,,,,,,,,,,,,,,,,,,,,,,,,,,,,,,,,,,,,,,,,,,,,,,,
bBCNHx,Black-crowned Night-heron,Nycticorax nycticorax,,Black-crowned Night-Heron,Nycticorax nycticorax,,X,,,,,,,,,X,X,,,,,,,,,,X,,,,,,,,,,,,,,,,,,,,,,,,,,,,,,,,,,,,,,,,,,,,,,,,,,,,,,,,,,,,,,,,,,,,,,,,,,,,,,,
bBHNUx,Brown-headed Nuthatch,Sitta pusilla,,Brown-headed Nuthatch,Sitta pusilla,,,,,,,,,X,X,,,,,,,,,,,X,,,,,,,,,,,,,,,,,,,,,,,X,X,,,,,,,,,,,,,,,,,,,,,,,,,,X,X,X,,,,,,,,,,,,,,,,X,X,,,,,,,,,,,
bBLBWx,Blackburnian Warbler,Dendroica fusca,,Blackburnian Warbler,Setophaga fusca,,,,,,,,,,,,,,,,,,,,,,,,,,,,,,,,,,,,,,,,,,,,,,,,,,,X,X,X,,,,,,,,,,,,,,,,,,,X?,,,,,,,,,,,,,,,,,X?,,,,,,,,,,,,
bBLRAx,Black Rail,Laterallus jamaicensis,,Black Rail,Laterallus jamaicensis,,X,,,,,,,,,,,,,,,,,,,,X,,,X,,,,,,,,,,,,,,,,,,,,,,,,,,,,,,,,,,,,,,,,,,,,,,,,,,,,,,,,,,,,,,,,,,,,,,,,,,,,
bBLSKx,Black Skimmer,Rynchops niger,,Black Skimmer,Rynchops niger,,,,,X,,,,,,,X,X,,,,,,,,,X,,,,,,,,,,,,,,,,,,,,,,,,,,,,,,,,,,,,,,,,,,,,,,,,,,,,,,,,,,,,,,,,,,,,,,,,,,,,,,,
bBOBOx,Bobolink,Dolichonyx oryzivorus,,Bobolink,Dolichonyx oryzivorus,,,,,,,,,,,,,,X,,,,,,,,,,,,,,,,,,,,,,,,,,,,,,,,,X,,,,,,,,,,,,,,,,,,,,,,,,,,,X,,,,,,,,,,,,,,,,,X,,,,,,,,,,
bBRBLx,Brewer's Blackbird,Euphagus cyanocephalus,,Brewer's Blackbird,Euphagus cyanocephalus,,,,,,,,,,,,,,,,,X,,,,,,,,,,,,,,,,,,,,,,,,,,,,,,,,,,,,,,,,,,,,,,,,,,,,,,,,,,,,,,,,,,,,,,,,,,,,,,,,,,,,
bBRPEa,Eastern Brown Pelican,Pelecanus occidentalis carolinensis,represented as Pelecanus occidentalis carolinensis in GAP,Brown Pelican,Pelecanus occidentalis,,,,,X,,,,,,,X,X,,,,,,,,,X,,,,,,,,,,,,,,,,,,,,,,,,,,,,,,,,,,,,,,,,,,,,,,,,,,,,,,,,,,,,,,,,,,,,,,,,,,,,,,,
bBTNWx,Black-throated Green Warbler,Dendroica virens,represented as full species in GAP,Wayne's Black-throated Green Warbler,Setophaga virens waynei,,,,,,,,,,,,,,,,,,,X,,,,X,X,,X,X,,,,,,,,,,,,,,,,,,,,,,,,,,,,,,,,,,,,,,,,,,,,,,,,,,,,,,,,,,,,,,,,,,,,,,,,,,
bCANVx,Canvasback,Aythya valisineria,,Canvasback,Aythya valisineria,X,,X,,X,,,,,,,,,,,,,,,,,X,,,,,,,,,,,,,,,,,,,,,,,,,,,,,,,,,,,,,,,,X,X,,,,,,,,,,,,,,,,,,,,,,,,,,,,,,,,,,,,,,
bCATEx,Caspian Tern,Sterna caspia,,Caspian Tern,Hydroprogne caspia,,,,,X,,,,,,,X,X,,,,,,,,,X,,,,,,,,,,,,,,,,,,,,,,,,,,,,,,,,,,,,,,,,,,,,,,,,,,,,,,,,,,,,,,,,,,,,,,,,,,,,,,,
bCCSPx,Clay-colored Sparrow,Spizella pallida,,Clay-colored Sparrow,Spizella pallida,,,,,,,,,,,,,,X?,X?,,X?,,,,,,,,,,,,,,,,,,,,,,,,,,,,,,X?,X?,,,,,,,,,,,,,,,,,,,,,,,,,,X?,X?,,,,,,,X?,,,,,,,,,X?,X?,,X?,,,,,,,
bCERWx,Cerulean Warbler,Dendroica cerulea,,Cerulean Warbler,Setophaga cerulea,,,,,,,,,,,,,,,,,,,,,,,X,X,,,,,,,,,,,,,,,,,,,,,X,X,,,,,,,X,,,,,,,,,,,,,,,,,,,,,,,,,,,,,,,,,,,,,,,,,,,,,,,,
bCLRAx,Clapper Rail,Rallus longirostris,,Clapper Rail,Rallus longirostris,,,,,,,,,,,,,,,,,,,,,,X,,,,,,,,,,,,,,,,,,,,,,,,,,,,,,,,,,,,,,,,,,,,,,,,,,,,,,,,,,,,,,,,,,,,,,,,,,,,,,,
bCOMOx,Common Moorhen,Gallinula chloropus,represented as Gallinula chloropus in GAP,Common Gallinule,Gallinula galeata,,,X,,,,,,,,,,,,,,,,,,,,,,,,,,,,,,,,,,,,,,,,,,,,X?,,,X?,,,,,,,,,,,,X?,X?,,,,,,,,,,,X?,X?,,,,,,,,,,,,,,,,X?,,,X?,,,,,,,
bCORAx,Common Raven,Corvus corax,,Common Raven,Corvus corax,,,,,,,,,,,,,,,,,,,,,,,,,,,,,,,,,,,,,,,,,,,,,,,,,,,,,,,,X,X,,,,,,,,,,,,,,,,,,,,X,,,,,,,,,,,,,,,,,,,,,,,,
bCOTEx,Common Tern,Sterna hirundo,,Common Tern,Sterna hirundo,,,,,X,,,,,,,X,X,,,,,,,,,X,,,,,,,,,,,,,,,,,,,,,,,,,,,,,,,,,,,,,,,,,,,,,,,,,,,,,,,,,,,,,,,,,,,,,,,,,,,,,,,
bDCCOx,Double-crested Cormorant,Phalacrocorax auritus,,Double-crested Cormorant,Phalacrocorax auritus,X,,X,,X,,,,,,,,X,,,,,,,,,X,,,,,,,,,,,,,,,,,,X?,X?,X?,,,,,,,,,,,,,,,,,,,,X?,X?,,,,,X?,X?,,,,,,,,,,,,,,,,,,,,,,,,,,,,,,,,
bEVGRx,Evening Grosbeak,Coccothraustes vespertinus,,Evening Grosbeak,Coccothraustes vespertinus,,,,,,,,,,,,,,,,,,,,,,,,,,,,,,,,,,,,,,,,,,,,X?,,X?,,,,,,X?,,,,,,,,,,,,,,,,,,,,X?,X?,,,,,X?,,,,,,,,,,,X?,,,,,,,,,,,,
bFOTEx,Forster's Tern,Sterna forsteri,,Forster's Tern,Sterna forsteri,,,X,,X,,,,,,,,X,,,,,,,,,X,,,,,,,,,,,,,,,,,,,,,,,,,,,,,,,,,,,,,,,,,,,,,,,,,,,,,,,,,,,,,,,,,,,,,,,,,,,,,,,
bGADWx,Gadwall,Anas strepera,,Gadwall,Anas strepera,X,X,X,X,,X,X,,,,,,,,,,,,,,,X,,,X,,,,,,,,,,,,,,,X,X,X,,,,,,,,,,,,,,,,,,,,X,X,,,,,X,X,,,,,,,,,,,,,,,,,,,,,,,,,,,,,,,,
bGBBGx,Great Black-backed Gull,Larus marinus,,Great Black-backed Gull,Larus marinus,,,X?,X?,X,,,,,,,X,X,,,,,,,,,X,,,,,,,,,,,,,,,,,,,,,,,,,,,,,,,,,,,,,,,,X?,X?,,,,,,,,,,,,,,,,,,,,,,,,,,,,,,,,,,,,,,
bGBTEx,Gull-billed Tern,Gelochelidon nilotica,,Gull-billed Tern,Gelochelidon nilotica,,,,,,,,,,,,X,X,,,,,,,,,X,,,,,,,,,,,,,,,,,,,,,,,,,,,,,,,,,,,,,,,,,,,,,,,,,,,,,,,,,,,,,,,,,,,,,,,,,,,,,,,
bGLIBx,Glossy Ibis,Plegadis falcinellus,,Glossy Ibis,Plegadis falcinellus,,X,,,,,,,,,X,,,,,,,,,,,X,,,X,,,,,,,,,,,,,,,,,,,,,,,,,,,,,,,,,,,,,,,,,,,,,,,,,,,,,,,,,,,,,,,,,,,,,,,,,,,,
bGWWAx,Golden-winged Warbler,Vermivora chrysoptera,,Golden-winged Warbler,Vermivora chrysoptera,,,,,,,,,,,,,,,,,,,,,,,,,,,,,,,,,,,,,,,,,,,,,X,X,X,X,X,,,X,,,,,,X,,,,,,,,,,,,,,,,,,,,,,,,,,,,,,,,,,,,,,,,,,,
bHERGx,Herring Gull,Larus argentatus,,Herring Gull,Larus argentatus,,,X,,X,,,,,,,X,X,,,,,,,,,X,,,,,,,,,,,,,,,,,,,,,,,,,,,,,,,,,,,,,,,,X,X,,,,,,,,,,,,,,,,,,,,,,,,,,,,,,,,,,,,,,
bHESPx,Henslow's Sparrow,Ammodramus henslowii,,Henslow's Sparrow,Ammodramus henslowii,,,,,,,,,,X,,,,X,X,,,,,,X,,,,,,,,,,,,,,,,,,,,,,,,,,,,,,,,,,,,,,,,,,,,,,,,,,,,,X,,,,,,,,X,,,,,,,,,,,,,,,,,,,
bHETHx,Hermit Thrush,Catharus guttatus,,Hermit Thrush,Catharus guttatus,,,,,,,,,X,,X,,,,,,,,X,,,,,,,X,X,,X,,,,,,,,,,,,,,,,,X,,,,,X,,,,,,,,,,,,,,,,,,,,,X,,,,,,,,,,,,,,,,,X,,,,,,,,,,,,
bKEWAx,Kentucky Warbler,Oporornis formosus,,Kentucky Warbler,Geothlypis formosa,,,,,,,,,,X,X,,,,,,,,,,,,X,,,,,,X,,,,,,,,,,,,,,,X,X,,,,,,,,,X,,,,,,,,,,,,,,,,,,,X,,,X,,,,,,,,,X,,,,,X,,,,X,,,,,,,
bKIRAx,King Rail,Rallus elegans,,King Rail,Rallus elegans,,X,,,,,,,,,,,,X,,,,,,,,X,,,X,,,,,,,,,,,,,,,,,,,,,,X,,,,,,,,,,,,,,,,,,,,,,,,,,,X,,,,,,,,,,,,,,,,,X,,,,,,,,,,
bLBHEx,Little Blue Heron,Egretta caerulea,,Little Blue Heron,Egretta caerulea,,X,X,X,,,,,,,,,,,,,,,,,,X,,,X,,,,,,,,,,,,,,,,,,,,,,,,,,,,,,,,,,,,,,,,,,,,,,,,,,,,,,,,,,,,,,,,,,,,,,,,,,,,
bLCSPx,Le Conte's Sparrow,Ammodramus leconteii,,Le Conte's Sparrow,Ammodramus leconteii,,X,,,,,,,,,,X,,X,X,,,,,,X,X,,,,,,,,,,,,,,,,,,,,,,,,,,,,,,,,,,,,,,,,,,,,,,,,,,,,,,,,,,,,,,,,,,,,,X,X,,,,X,,,,,
bLEBIx,Least Bittern,Ixobrychus exilis,,Least Bittern,Ixobrychus exilis,,X,X,X,,,,,,,,,,X,X,,,,,,,X,,,X,,,,,,,,,,,,,,,,,,,,,,,,,,,,,,,,,,,,,,,,,,,,,,,,,,,,,,,,,,,,,,,,,,,,,,,,,,,,
bLETEx,Least Tern,Sternula antillarum,,Least Tern,Sterna antillarum,X,,,,X,,,,,,,X,X,,,,,,,,,X,,,X,,,,,,,,,,,,,,,,,,,,,,,,,,,,,,,,,,,,,,,,,,,,,,,,,,,,,,,,,,,,,,,,,,,,,,,,,,,,
bLISPx,Lincoln's Sparrow,Melospiza lincolnii,,Lincoln's Sparrow,Melospiza lincolnii,,,,,,,,,,,,,,X,X,,,,,,,,,,,,,,,,,,,,,,,,,,,,,,,,X,X,,,,,,,,,,,,,,,,,,,,,,,,,,X,,,,,,,,X,,,,,,,,,X,X,,,,,,,,,
bLOSHx,Loggerhead Shrike,Lanius ludovicianus,,Loggerhead Shrike,Lanius ludovicianus,,,,,,,,,,,,,,X,X,,,,,,,,,,,,,,,,,,,,,,,,,,,,,,,,,,,,,,,,,,,,,,,,,,,,,,,,,,,X,,,,,,,,X,,,,,,,,X,X,X,,,,,,,,,
bLOWAx,Louisiana Waterthrush,Seiurus motacilla,,Louisiana Waterthrush,Parkesia motacilla,,,,,,,,,,,,,,,,,,,,,,,X,X,,,,,,,,,,,,,,,,,,,,,,,,,,,,,,,,,,,,X,,,,,,,,,,,,,,,,,,,,X,,,,,,X,,,,,,,,,,,X,,,,
bLTDUx,Long-tailed Duck,Clangula hyemalis,,Long-tailed Duck,Clangula hyemalis,,,,,X,,,,,,,,,,,,,,,,,X,,,,,,,,,,,,,,,,,,,,,,,,,,,,,,,,,,,,,,,,,,,,,,,,,,,,,,,,,,,,,,,,,,,,,,,,,,,,,,,
bMAGOx,Marbled Godwit,Limosa fedoa,,Marbled Godwit,Limosa fedoa,,,,,,,,,,,,,X,,,,,,,,,X,,,X,,,,,,,,,,,,,,,,,,,,,,,,,,,,,,,,,,,,,,,,,,,,,,,,,,,,,,,,,,,,,,,,,,,,,,,,,,,,
bMERLx,Merlin,Falco columbarius,,Merlin,Falco columbarius,,,,,,,,,,,,,,X,,,X,,,,X,,,,,,X,,,,,,,,,,,,,,,,,,,,,,,,,,,,,,,,,,,,,,,,,,,,,,,,,,,,,,,,,,,,,,,,,X,,X,,,,,,,
bNAWAx,Nashville Warbler,Vermivora ruficapilla,,Nashville Warbler,Oreothlypis ruficapilla,,,,,,,,,,,,,,,,,,,,,,,,,,,,,,,,,,,,,,,,,,,,,,X?,,X?,,,,X?,X?,,,,,,,,,,,,,,,,,,,X?,,,,,,X?,,,,X?,,,,,,,,,,,,,,,,,,,
bNOBOx,Northern Bobwhite,Colinus virginianus,,Northern Bobwhite,Colinus virginianus,,,,,,,,,,X,X,,,X,X,X,X,,,,X,,,,,,,,,,,,,,,,,,,,,,,,,,X,X,,X,,,,,,,,,,,,,,,,,,,,,,,,X,,,,,,,,X,,,,,,,,X,X,X,X,,,X,,,,,
bNOHAx,Northern Harrier,Circus cyaneus,,Northern Harrier,Circus cyaneus,,,,,,,,,,,,X,,X,X,,,,,,,X,,,X,,,,,,,,,,,,,,,,,,,,,,,,,,,,,,,,,,,,,,,,,,,,,,,,,,,,,,,,,,,,,,,,,,,,,,,,,,,,
bNSTSx,Nelson's Sharp-tailed Sparrow,Ammodramus nelsoni,,Nelson's Sharp-tailed Sparrow,Ammodramus nelsoni,,X,,,,,,,,,,,,,,,,,,,,X,,,X,,,,,,,,,,,,,,,,,,,,,,,,,,,,,,,,,,,,,,,,,,,,,,,,,,,,,,,,,,,,,,,,,,,,,,,,,,,,
bNSWOx,Northern Saw-whet Owl,Aegolius acadicus,,Northern Saw-whet Owl,Aegolius acadicus,,,,,,,,,,,,,,,,,,,,,,,,,,,,,,,,,,,,,,,,,,,,,,,,,,,X,X,,,,,,,,,,,,,,,,,,,,,,,,,,,,,,,,,,,,,,,,,,,,,,,,,
bOSFLx,Olive-sided Flycatcher,Contopus cooperi,,Olive-sided Flycatcher,Contopus cooperi,,,,,,,,,,,,,,,,,,,,,,,,,,,,,,,,,,,,,,,,,,,,,,,,,,,X,,,,,,,,,,,,,,,,,,,,,,,,,,,,,,,,,,,,,,,,,,,,,,,,,,
bPABUx,Painted Bunting,Passerina ciris,,Eastern Painted Bunting,Passerina ciris,,,,,,,,,,,X,,,X,X,X,,,,,,,,,,,,,X,,,,,,,,,,,,,,,,,,,,,,,,,,,,,,,,,,,,,,,,,,,,,,,,,,,,,,,,,,,,,,,,,,,,,,,,
bPEFAx,Peregrine Falcon,Falco peregrinus,,Peregrine Falcon,Falco peregrinus,,,,,,,,,,,,X,,,,,,,,,,X,,,X,,,,,,,,,,,,,,,,,,,,,,,,,,,,,,,X,X,,,,,,,,,,,,,,,,,,,,,,,,,,,,,,,,,,,,,,,,,,,,
bPIPLx,Piping Plover,Charadrius melodus,,Piping Plover,Charadrius melodus,,,,,,,,,,,,X,X,,,,,,,,,X,,,,,,,,,,,,,,,,,,,,,,,,,,,,,,,,,,,,,,,,,,,,,,,,,,,,,,,,,,,,,,,,,,,,,,,,,,,,,,,
bPRAWx,Prairie Warbler,Dendroica discolor,,Prairie Warbler,Setophaga discolor,,,,,,,,,,X,X,,,X,X,X,,,,,X,,,,,,X,,,,,,,,,,,,,,,,,X,,X,X,X,,,,,,,,,,,,,,,,,,,,,,,,,,X,,,,,,,,X,,,,,,,,,,X,X,,,,,,,,
bPROWx,Prothonotary Warbler,Protonotaria citrea,,Prothonotary Warbler,Protonotaria citrea,,X,,,,,,,,,,,,,,,,,,X,,,X,X,,,,X,,,,,,,,,,,,,,,,,,,,,,,,,,,,,,,,X?,,,,,,,,,,,,,,,,,,,,X,,,,,,,,,,,,,,,,,X,,,,
bPUSAx,Purple Sandpiper,Calidris maritima,,Purple Sandpiper,Calidris maritima,,,,,,,,,,,,,,,,,,,,,,X,,,,,,,,,,,,,,,,,,,,,,,,,,,,,,,,,,,,,,,,,,,,,,,,,,,,,,,,,,,,,,,,,,,,,,,,,,,,,,,
bRCWOx,Red-cockaded Woodpecker,Picoides borealis,,Red-cockaded Woodpecker,Picoides borealis,,,,,,,,,,X,,,,,,,,,,,X,,,,,,X,,,,,,,,,,,,,,,,,,,,,,,,,,,,,,,,,,,,,,,,,,,,,,,,,,,,,,,,,,,,,,,X,,,,,,X,,,,,
bRECRx,Red Crossbill,Loxia curvirostra,,Red Crossbill,Loxia curvirostra,,,,,,,,,,,,,,,,,,,,,,,,,,,,,,,,,,,,,,,,,,,,X,,,,,,,X,,,,,,,,,,,,,,,,,,,,,,,,,,,,,,,,,,,,,,,,,,,,,,,,,,
bREKNx,Red Knot,Calidris canutus,,Red Knot,Calidris canutus,,,,,,,,,,,,X,X,,,,,,,,,X,,,,,,,,,,,,,,,,,,,,,,,,,,,,,,,,,,,,,,,,,,,,,,,,,,,,,,,,,,,,,,,,,,,,,,,,,,,,,,,
bRHWOx,Red-headed Woodpecker,Melanerpes erythrocephalus,,Red-headed Woodpecker,Melanerpes erythrocephalus,,,X,,,,,,X,X,,,,,,,,,X,,X,,X,X,,,X,,,,,,,,,,,,,,,,,X,X,X,,,,,,,,,,,,,,,,X,X,,,,,,,,X,X,X,,,,,X,,X,,,,,,,,,X,X,,,,,,,,,,,
bROYTx,Royal Tern,Thalasseus maximus,,Royal Tern,Thalasseus maximus,,,,,X,,,,,,,X,X,,,,,,,,,X,,,,,,,,,,,,,,,,,,,,,,,,,,,,,,,,,,,,,,,,,,,,,,,,,,,,,,,,,,,,,,,,,,,,,,,,,,,,,,,
bRUBLx,Rusty Blackbird,Euphagus carolinus,,Rusty Blackbird,Euphagus carolinus,,X,,,,,,,,,,,,,,,X,,,,,,X,X,,X,,,X,,,,,,,,,,,,,,,,,,,,,,,,,,,,,,,,,,,,,,,,,,,,,,,,,,,X,,,,,,,,,,,X,,,,,,X,,X,,
bRUGRx,Ruffed Grouse,Bonasa umbellus,,Ruffed Grouse,Bonasa umbellus,,,,,,,,,,,,,,,,,,,,,,,,,,,,,,,,,,,,,,,,,,,,X,,X,X,X,,X,,X,X,,X,,,,,,,,,,,,,,,,,,,,,,,,,,,,,,,,,,,,,,,,,,,,,,
bRUTUx,Ruddy Turnstone,Arenaria interpres,,Ruddy Turnstone,Arenaria interpres,,,X,,,,,,,,,X,X,,,,,,,,,X,,,,,,,,,,,,,,,,,,,,,,,,,,,,,,,,,,,,,,,,X,X,,,,,,,,,,,,,,,,,,,,,,,,,,,,,,,,,,,,,,
bSANDx,Sanderling,Calidris alba,,Sanderling,Calidris alba,,,,,,,,,,,,X,X,,,,,,,,,X,,,,,,,,,,,,,,,,,,,,,,,,,,,,,,,,,,,,,,,,,,,,,,,,,,,,,,,,,,,,,,,,,,,,,,,,,,,,,,,
bSATEx,Sandwich Tern,Thalasseus sandvicensis,,Sandwich Tern,Thalasseus sandvicensis,,,,,X,,,,,,,X,X,,,,,,,,,X,,,,,,,,,,,,,,,,,,,,,,,,,,,,,,,,,,,,,,,,,,,,,,,,,,,,,,,,,,,,,,,,,,,,,,,,,,,,,,,
bSAVSx,Savannah Sparrow,Passerculus sandwichensis,,Savannah Sparrow,Passerculus sandwichensis,,,,,,,,,,,,X,,X,X,,,,,,,,,,,,,,,,,,,,,,,,,,,,,,,,X,,,,,,,,,,,,,,,,,,,,,,,,,,,,,,,,,,,,,,,,,,,,,,,,,,,,,,
bSESPx,Seaside Sparrow,Ammodramus maritimus,,Seaside Sparrow,Ammodramus maritimus,,,,,,,,,,,,,,,,,,,,,,X,,,,,,,,,,,,,,,,,,,,,,,,,,,,,,,,,,,,,,,,,,,,,,,,,,,,,,,,,,,,,,,,,,,,,,,,,,,,,,,
bSNEGx,Snowy Egret,Egretta thula,,Snowy Egret,Egretta thula,,X,X,X,,,,,,,X,,X,,,,,,,,,X,X,X,X,,,,,,,,,,,,,,,,,,,,,,,,,,,,,,,,,,,,,,,,,,,,,,,,,,,,,,,,,,,,,,,,,,,,,,,,,,,,
bSNGOx,Snow Goose,Chen caerulescens,,Snow Goose,Chen caerulescens,,,X,,,,,,,,,,,,,,X,,,,,X,,,X,,,,,,,,,,,,,,,,,,,,,,,,,,,,,,,,,,,,,,,,,,,,,,,,,,,,,,,,,,,,,,,,,,,,,,,,,,,,
bSSTSx,Saltmarsh Sharp-tailed Sparrow,Ammodramus caudacutus,,Saltmarsh Sharp-tailed Sparrow,Ammodramus caudacutus,,X,,,,,,,,,,,,,,,,,,,,X,,,X,,,,,,,,,,,,,,,,,,,,,,,,,,,,,,,,,,,,,,,,,,,,,,,,,,,,,,,,,,,,,,,,,,,,,,,,,,,,
bSTKIx,Swallow-tailed Kite,Elanoides forficatus,,Swallow-tailed Kite,Elanoides forficatus,X,,,,,,,,,,,,,,,,,,,,,,X,X,X,,,,,,,,,,,,,,,,,,,,,,,,,,,,,,,,,,,,,,,,,,,,,,,,,,,,,,,,,,,,,,,,,,,,,,,,,,,,
bSUSCx,Surf Scoter,Melanitta perspicillata,,Surf Scoter,Melanitta perspicillata,,,,,X,,,,,,,,,,,,,,,,,X,,,,,,,,,,,,,,,,,,,,,,,,,,,,,,,,,,,,,,,,,,,,,,,,,,,,,,,,,,,,,,,,,,,,,,,,,,,,,,,
bSWWAx,Swainson's Warbler,Limnothlypis swainsonii,,Swainson's Warbler,Limnothlypis swainsonii,,,,,,,,,,,,,,,,,,,X,,,,X,X,,X,X,,,,,,,,,,,,,,,,,,,,,,,,,,X,,,,,,,X,,,,,,,,,,,,,,,,,,,,X,,,,,,,,,,,,,,,,,X,,X,,
bTRHEx,Tricolored Heron,Egretta tricolor,,Tricolored Heron,Egretta tricolor,,,,,,,,,,,X,,X,,,,,,,,,X,,,,,,,,,,,,,,,,,,,,,,,,,,,,,,,,,,,,,,,,,,,,,,,,,,,,,,,,,,,,,,,,,,,,,,,,,,,,,,,
bVEERx,Veery,Catharus fuscescens,,Veery,Catharus fuscescens,,,,,,,,,,,,,,,,,,,,,,,,,,,,,,,,,,,,,,,,,,,,,,X,,,,,X,X,X,,,,,,,,,,,,,,,,,,,,,,,,,,,,,,,,,,,,,,,,,,,,,,,,
bVESPx,Vesper Sparrow,Pooecetes gramineus,,Vesper Sparrow,Pooecetes gramineus,,,,,,,,,,,,,,,,,,,,,,,,,,,,,,,,,,,,,,,,,,,,,X,,X,X,,,,,,,,,,,,,,,,,,,,,,,,,,,,,,,,,,,,,,,,,,,,,,,,,,,,,
bVIRAx,Virginia Rail,Rallus limicola,,Virginia Rail,Rallus limicola,,X,,,,,,,,,,,,X,,,X,,,,,X,,,X,,,,,,,,,,,,,,,,,,,,,,,,,,,,,,,,,,,,,,,,,,,,,,,,,,,,,,,,,,,,,,,,,,,,,,,,,,,,
bWEWAx,Worm-eating Warbler,Helmitheros vermivorum,,Worm-eating Warbler,Helmitheros vermivorus,,,,,,,,,,X,,,,,,,,,X,,,,X,X,,X,X,,,,,,,,,,,,,,,,,,,,,,,,,,,,,,,,,,,,,,,,,,,,,,,,,,,,,,,,,,,,,,,,,,,,,,,,,,
bWHIBx,White Ibis,Eudocimus albus,,White Ibis,Eudocimus albus,,X,X,X,,,,,,,X,,X,,,,,,,,,X,,,X,,,,,,,,,,,,,,,,,,,,,,,,,,,,,,,,,,,,,,,,,,,,,,,,,,,,,,,,,,,,,,,,,,,,,,,,,,,,
bWHIMx,Whimbrel,Numenius phaeopus,,Whimbrel,Numenius phaeopus,,,,,,,,,,,,X,X,,,,,,,,,X,,,,,,,,,,,,,,,,,,,,,,,,,,,,,,,,,,,,,,,,,,,,,,,,,,,,,,,,,,,,,,,,,,,,,,,,,,,,,,,
bWHSWx,Tundra Swan,Cygnus columbianus,,Tundra Swan,Cygnus columbianus,X,,X,X,X,,,,,,,,,,,,X,,,,,,,,X,,,,,,,,,,,,,,,,,,,,,,,,,,,,,,,,,,,,,,,,,,,,,,,,,,,,,,,,,,,,,,,,,,,,,,,,,,,,
bWILLx,Willet,Tringa semipalmata,,Willet,Tringa semipalmata,,,,,,,,,,,,X,X,,,,,,,,,X,,,,,,,,,,,,,,,,,,,,,,,,,,,,,,,,,,,,,,,,,,,,,,,,,,,,,,,,,,,,,,,,,,,,,,,,,,,,,,,
mWIMAx,West Indian Manatee,Trichechus manatus,,West Indian Manatee,Trichechus manatus,X,,,,X,,,,,,,,,,,,,,,,,X,,,,,,,,,,,,,,,,,,,,,,,,,,,,,,,,,,,,,,,,,,,,,,,,,,,,,,,,,,,,,,,,,,,,,,,,,,,,,,,
bWIPLx,Wilson's Plover,Charadrius wilsonia,,Wilson's Plover,Charadrius wilsonia,,,,,,,,,,,,X,X,,,,,,,,,X,,,,,,,,,,,,,,,,,,,,,,,,,,,,,,,,,,,,,,,,,,,,,,,,,,,,,,,,,,,,,,,,,,,,,,,,,,,,,,,
aDWSAx,Dwarf Salamander,Eurycea quadridigitata,,Dwarf Salamander,Eurycea quadridigitata,,,,,,,,,,,,,,,,,,,,,X,,X,X,,,,X,,,,,,,,,,,,,,,,,,,,,,,,,,,,,,,,,,,,,,,,,,,,,,,,,,,,,X,,,,,,,,,,,,,,,,,,,,
bWOSTx,Wood Stork,Mycteria americana,,Wood Stork,Mycteria americana,,X,X,,,,,,,,,,,X,X,,,,,X,,X,X,X,X,,,X,X,,,,,,,,,,,,,,,,,,,,,,,,,,,,,,,,,,,,,,,,,,,,,,,,,,,,,,,,,,,,,,,,,,,,,,,,
bWWSCx,White-winged Scoter,Melanitta fusca,,White-winged Scoter,Melanitta fusca,,,X,,X,,,,,,,,,,,,,,,,,X,,,X,,,,,,,,,,,,,,,,,,,,,,,,,,,,,,,,,,,,,,,,,,,,,,,,,,,,,,,,,,,,,,,,,,,,,,,,,,,,
bYCNHx,Yellow-crowned Night-heron,Nyctanassa violacea,,Yellow-crowned Night-Heron,Nyctanassa violacea,,X,X,X,,,,,,,X,,,,,,,,,,,X,X,X,X,X,,,,,,,,,,,,,,,,,,,,,,,,,,,,,,,,,,,,X,X,,,,,,,,,,,,X,,,,X,X,X,,,,,,,,,,,,,,,,,,,,
bYERAx,Yellow Rail,Coturnicops noveboracensis,,Yellow Rail,Coturnicops noveboracensis,,X,,,,,,,,,,,,X,X,,,,,,,X,,,X,,,,,,,,,,,,,,,,,,,,,,,,,,,,,,,,,,,,,,,,,,,,,,,,,,,,,,,,,,,,,,,,,,,,,,,,,,,,
bYTWAx,Yellow-throated Warbler,Dendroica dominica,,Yellow-throated Warbler,Setophaga dominica,,X,X,X?,,,,,,X,X,,,,,,,,,,X,,X,X,,,X,,X,,,,,,,,,,,,,,,X,,,,,,,,,,,,,,,,,,X,X,,,,,,,,,,,,,,,X,,X,,,,,,,,,,X,,,,,,X,X,,,,
mALWOx,Allegheny Woodrat,Neotoma magister,,Allegheny Woodrat,Neotoma magister,,,,,,,,,,,,,,,,,,,,,,,,,,,,,,,,,,,,,,,,,,,X,,,,,,,,,,,,,X,,,,,,,,,,,,,,,,,,,,,,,,,,,,,,,,,,,,,,,,,,,,,
mROVOx,Rock Vole,Microtus chrotorrhinus,,Rock Vole,Microtus chrotorrhinus,,,,,,,,,,,,,,,,,,,,,,,,,,,,,,,,,,,,,,,,,,,,,,,X,X,,,X,,,,,X,,,,,,,,,,,,,,,,,,,,,,,,,,,,,,,,,,,,,,,,,,,,,
mSEMYx,Southeastern Myotis,Myotis austroriparius,,Southeastern Myotis,Myotis austroriparius,,,,,,,,,,,,,,,,,,,,,,,X,X,,X,,,,,,,,,,,,,,,,,,,,,,,,,,,,,,,,,,,,,,,,,,,,,,,,,,,,,,X,,,,,,,,,,,,,,,,,,,,,
mWFDEx,White-footed Deermouse,Peromyscus leucopus,represented as full species in GAP,Buxton Woods or Pungo White-footed Deermouse,Peromyscus leucopus buxtoni or P. l. easti,,,,,,,,,,,X,X,,,,,,,,,,,,,,,,,X?,,,,,,,,,,,,,,,,,,,,,,,,,,,,,,,,,,,,,,,,,,,,,,,,,,,,,,,,,,,,,,,,,,,,,,,,
mTBEBv,Virginia Big-eared Bat,Corynorhinus townsendii virginianus,,Virginia big-eared Bat,Corynorhinus townsendii virginianus,,,,,,,,,,,,,,,,,,,,,,,,,,,,,,,,,,,,,,,,,,,X,,,,,,,,,,,,,,,,,,,,,,,,,,,,,,,,,,,,,,,,,,,,,,,,,,,,,,,,,,
mNFSQo,Carolina Northern Flying Squirrel,Glaucomys sabrinus coloratus,,Carolina Northern Flying Squirrel,Glaucomys sabrinus coloratus,,,,,,,,,,,,,,,,,,,,,,,,,,,,,,,,,,,,,,,,,,,,,,,,,,,X,X,,,,,,,,,,,,,,,,,,,,,,,,,,,,,,,,,,,,,,,,,,,,,,,,,
mEAPIx,Eastern Pipistrelle,Pipistrellus subflavus,represented as Pipistrellus subflavus in GAP,Tri-colored Bat,Perimyotis subflavus,X,X,X,,,X,,X,X,X,X,X,,X,X,,X,X,X,X,X,X,X,X,X,X,X,X,X,,,,,,,,,,,,,,X,X,,X,X,X,,X,X,X,X,,X,X,X,,,X,,X,X,X,X,X,X,X,X,X,,X,X,X,X,,X,X,X,X,X,X,,,,,,X,X,X,X,X,,X,,X,,,X,,
mGRWOr,Red Wolf,Canis lupus rufus,,Red Wolf,Canis rufus,,,,,,,,,X,X,,,,X,X,X,X,,X,,X,,,,,,,,,,,,,,,,,,,,,,,,,,,,,,,,,,,,,,,,,,,,,,,,,,,,,,,,,,,X,,,,,,,,,,,,,,,,,,,,,
mROVOc,Southern Rock Vole,Microtus chrotorrhinus carolinensis,,Southern Rock Vole,Microtus chrotorrhinus carolinensis,,,,,,,,,,,,,,,,,,,,,,,,,,,,,,,,,,,,,,,,,,,,,,X?,,,,,X?,X?,X?,,X?,X?,X?,,,,,,,,,,,,,,,,,,,,,,,,,,,,,,,,,,,,,,,,,,,,
mLBMYx,Little Brown Myotis,Myotis lucifugus,,Little Brown Myotis,Myotis lucifugus,,,,,,,,X,X,X,X,X,,,X,,X,,X,,,,,,,,,,,,,,,,,,,,,X,X,,X,X,,X,X,X,X,X,X,X,X,,X,,,X,,X,,X,X,X,X,X,X,X,X,X,,X,X,X,X,,X,X,X,X,X,X,,,,,,,X,X,,,,X,,,,,,,
rEBTUx,Eastern Box Turtle,Terrapene carolina,,Eastern Box Turtle,Terrapene carolina carolina,,,,,,,,,X,,,,,X,X,X,,,,,,,,,,,,,,,,,,,,,,,,,,,,,X,X,X,X,X,,,,,,,,,,,X,,,,,,,,,,,,X,,X,,,,,,X,,X,X,,,,,,X,,X,X,X,,,,,X,,,
mNFSQx,Northern Flying Squirrel,Glaucomys sabrinus,,Northern Flying Squirrel,Glaucomys sabrinus,,,,,,,,,,,,,,,,,,,,,,,,,,,,,,,,,,,,,,,,,,,,,,,,,,,X,X,,,,,,,,,,,,,,,,,,,,,,,,,,,,,,,,,,,,,,,,,,,,,,,,,
mNOMYx,Northern Myotis,Myotis septentrionalis,,Northern Long-eared Bat,Myotis septentrionalis,,,,,,,,,X,X,X,X,,X,X,,X,,X,X,X,X,X,X,X,,X,X,,,,,,,,,,,,,,,X,,,,,,,,,,,,,,X,,,,,,,,,,,,,,,,,,,,,,,,,,,,,,,,,,,,,,,,,,,,
mOLDEx,Oldfield Deermouse,Peromyscus polionotus,,Old-field Mouse,Peromyscus polionotus,,,,,,,,,,,,,,,,,,,,,,,,,,,,,,,,,,,,,,,,,,,,,,,,,,,,,,,,,,,,,,,,,,,,,,,,,,X,,,,,,,,X,,,,,,,,,,,,,,,,,,,
aGRSAx,Green Salamander,Aneides aeneus,,Green Salamander,Aneides aeneus,,,,,,,,,,,,,,,,,,,,,,,,,,,,,,,,,,,,,,,,,,,X,X,X,X,,,,,,X,X,,,X,X,,,,,,,,,,,,,,,,,,,,,,,,,,,,,,,,,,,,,,,,,,,,
aGRSIx,Greater Siren,Siren lacertina,,Greater Siren,Siren lacertina,,,,,,X,,,,,,,,,,,,,,,,,,,,,,,,,,,,,,,,,,,,,,,,,,,,,,,,,,,,,,,,,,,,,,,,,,,,,,,,,,,,,,,,,,,,,,,,,,,,,,,
mEAWOx,Eastern Woodrat,Neotoma floridana,represented as full species in GAP,Eastern Woodrat (CP Pop.) or S. Appalachian Woodrat,Neotoma floridana floridana or N. f. haematoreia,,,,,,,,,,,,,,,,,,,X?,,,,,,,,,,,,,,,,,,,,,,,,,,,,,,,,,,,,X?,X?,X?,,,,,,,,,,,,,,,,,,,,,,,,,,,,,,,,,,,,,,,,,,,,
mTBEBx,Townsend's Big-eared Bat,Corynorhinus townsendii,,Townsend's Big-eared Bat,Corynorhinus townsendii,,,,,,,,,,,,,,,,,,,,,,,,,,,,,,,,,,,,,,,,,,,X,,,,,,,,,,,,,,,,,,,,,,,,,,,,,,,,,,,,,,,,,,,,,,,,,,,,,,,,,,
mINMYx,Indiana Myotis,Myotis sodalis,,Indiana Myotis,Myotis sodalis,,,,,,,,,,,,,,,,,,,,,,,,,,,,,,,,,,,,,,,,,,,X,,,,,,,,,,,,,,,,,X,,,,,,,,,,,,,,,,,,,,,,,,,,,,,,,,,,,,,,,,,
mNYBAx,Northern Yellow Bat,Lasiurus intermedius,,Northern Yellow Bat,Lasiurus intermedius,,,,,,,,,,,,,,,,,,,X,,,,X,X,,X,,,,,,,,,,,,,,,,,,,,,,,,,,,,,,,,,,,,,,,,,,,,,,,,,,,,,,,,,,,,,,,,,,,,,,,,,,,
aGYTRx,Gray Treefrog,Hyla versicolor,,Gray Treefrog,Hyla versicolor,,,,,,,,,,,,,,,,,,,,,,,,,,,,,,,,,,,,,,,,,,,,,,,,,,,,,,,,,,,,,,,,X,X,X,X,,,,,X,,,X,,,X,X,X,X,X,X,,,,,,,,,,,,,,,,,,
rAMALx,American Alligator,Alligator mississippiensis,,American Alligator,Alligator mississippiensis,X,X,X,,,,,,,,,,,,,,,,,,,,,,,,,,,,,,,,,,,,,,,,,,,,,,,,,,,,,,,,,,,,,,,,,,,,,X,,X,,,,,,,,X,X,,,,,,,,,,,,,,,,,,
rBLSSx,Black Swampsnake,Seminatrix pygaea,represented as full species in GAP,Carolina Swamp Snake,Seminatrix pygaea paludis,X,X,,,,,,,,,,,,,,,,,,,,,,,,,,X,,,,,,,,,,,,,,,,,,,,,,,,,,,,,,,,,,,,,,,,,,,,,,,,,,,,,,,,,,,,,,,,,,,,,,,,,
rBOTUx,Bog Turtle,Glyptemys muhlenbergii,,Bog Turtle,Clemmys muhlenbergii,,,,,,,,,,,,,,,,,,,,,,,,,,,,,,,,,,,,,,,,,,,,,,,,,,,,,,,,,,X,,X,,,,,,,,,,,,,,,,,,,,X,,,,,,,,,,,,,,,,,,,,,
rCHTUx,Chicken Turtle,Deirochelys reticularia,,Eastern Chicken Turtle,Deirochelys reticularia,X,,X,,,,,,,,,,,,,,,,,,,,,,,,,X,,,,,,,,,,,,,,,,,,,,,,,,,,,,,,,,,,,,,,,,,,,,,,,,,,,,,,,,,,,,,,,,,,,,,,,,,
rCKINx,Common Kingsnake,Lampropeltis getula,represented as full species in GAP,Outer Banks Kingsnake,Lampropeltis getula sticticeps,,,,,X,,,,,,X,,,,,,,,,,,X,,,,,,,,,,,,,,,,,,,,,,,,,,,,,,,,,,,,,,,,,,,,,,,,,,,,,,,,,,,,,,,,,,,,,,,,,,,,,,,
rCOACx,Coachwhip,Coluber flagellum,represented as Coluber flagellum in GAP,Eastern Coachwhip,Masticophis flagellum,,,,,,,,,,X,X,,,X,X,X,,,,,,,,,,X,,,,,,,,,,,,,,,,,,,,,,,,,,,,,,,,,,,,,,,,,,,,,,,,,,,,,,,,,,,,,,,,,,,,,,,,,,,
rCOSKx,Coal Skink,Plestiodon anthracinus,,Coal Skink,Eumeces anthracinus,,,,,,,,,,,,,,,,,,,,,,,,,,,,,,,,,,,,,,,,,,,,X,,,X,X,X,,,,,,,X,X,,,,,,,,,,,,,,,,,,,,,,,,,,,,,,,,,,,,,,,,,,,,
rDBTEx,Diamond-backed Terrapin,Malaclemys terrapin,,Diamondback Terrapin,Malaclemys terrapin,,,,,X,,,,,,,,,,,,,,,,,X,,,,,,,,,,,,,,,,,,,,,,,,,,,,,,,,,,,,,,,,,,,,,,,,,,,,,,,,,,,,,,,,,,,,,,,,,,,,,,,
rEARIx,Eastern Ribbonsnake,Thamnophis sauritus,represented as full species in GAP,Common Ribbon Snake,Thamnophis sauritus sauritus,X?,X?,X?,X?,,X?,X?,,,,,,,,,,,,,,,,,,,,,,,,,,,,,,,,,,,,,,,,,,,,,,,,,,,,,,,X?,X?,X?,X?,X?,X?,X?,X?,,,,,,,,,,,,,,,X?,X?,X?,X?,,,,,,,,,,,,,,
rEDBRx,Eastern Diamond-backed Rattlesnake,Crotalus adamanteus,,Eastern Diamondback Rattlesnake,Crotalus adamanteus,,,,,,,,,,X,,,,X,X,X,,,,,,,,,,,,,,,,,,,,,,,,,,,,,,,,,,,,,,,,,,,,,,,,,,,,,,,,,,,,,,,,,,,,,,,,,,,,,,,,,,,,,
rGCRSx,Glossy Crayfish Snake,Regina rigida,,Glossy Crayfish Snake,Regina rigida,X,,X,,,,,,,,,,,,,,,,,,,,,,,,,X,,,,,,,,,,,,,,,,,,,,,,,,,,,,,,,,,,,,,,,,,,,,,,,,,,,,,,,,,,,,,,,,,,,,,,,,,
aMCFRx,Mountain Chorus Frog,Pseudacris brachyphona,,Mountain Chorus Frog,Pseudacris brachyphona,,,,,,,,,,,,,,,,,,,,,,,,,,,,,,X,X,X,,X,X,X,X,X,X,X,X,X,,,X,X,X,X,X,X,,,X,,,,,X,,X,X,,,,,,,,,,,,,,,,,,,,,,,,,,,,,,,,,,,,,,,,
rGSTUx,Green Sea Turtle,Chelonia mydas,,Green Sea Turtle,Chelonia mydas,,,,,X,,,,,,,X,X,,,,,,,,,,,,,,,,,,,,,,,,,,,,,,,,,,,,,,,,,,,,,,,,,,,,,,,,,,,,,,,,,,,,,,,,,,,,,,,,,,,,,,,,
rHACOx,Harlequin Coralsnake,Micrurus fulvius,,Eastern Coral Snake,Micrurus fulvius,,,,,,,,,,X,X,,,,,,,,,,,,,,,,,,,,,,,,,,,,,,,,,,,,,,,,,,,,,,,,,,,,,,,,,,,,,,,,,,,,,,,,,,,,,,,,,,,,,,,,,,
rHSTUx,Hawksbill Sea Turtle,Eretmochelys imbricata,represented as full species in GAP,Atlantic Hawksbill Sea Turtle,Eretmochelys imbricata imbricata,,,,,X,,,,,,,X,X,,,,,,,,,,,,,,,,,,,,,,,,,,,,,,,,,,,,,,,,,,,,,,,,,,,,,,,,,,,,,,,,,,,,,,,,,,,,,,,,,,,,,,,,
rKRSTx,Kemp's Ridley Sea Turtle,Lepidochelys kempii,,Kemp's Ridley Sea Turtle,Lepidochelys kempii,,,,,X,,,,,,,X,X,,,,,,,,,X,,,,,,,,,,,,,,,,,,,,,,,,,,,,,,,,,,,,,,,,,,,,,,,,,,,,,,,,,,,,,,,,,,,,,,,,,,,,,,,
rLEATx,Leatherback Sea Turtle,Dermochelys coriacea,,Leatherback Sea Turtle,Dermochelys coriacea,,,,,X,,,,,,,X,X,,,,,,,,,,,,,,,,,,,,,,,,,,,,,,,,,,,,,,,,,,,,,,,,,,,,,,,,,,,,,,,,,,,,,,,,,,,,,,,,,,,,,,,,
rLMTUx,Loggerhead Musk Turtle,Sternotherus minor,represented as full species in GAP,Stripe-necked Musk Turtle,Sternotherus minor peltifer,,,,,,,,,,,,,,,,,,,,,,,,,,,,,,,,,,,,,X?,X?,X?,X?,X?,X?,,,,,,,,,,,,,,,,,,,,,,,,,,,,,,,,,,,,,,,,,,,,,,,,,,,,,,,,,,,
rLOGTx,Loggerhead Sea Turtle,Caretta caretta,,Loggerhead Sea Turtle,Caretta caretta,,,,,X,,,,,,,X,X,,,,,,,,,X,,,,,,,,,,,,,,,,,,,,,,,,,,,,,,,,,,,,,,,,,,,,,,,,,,,,,,,,,,,,,,,,,,,,,,,,,,,,,,,
rMGLIx,Mimic Glass Lizard,Ophisaurus mimicus,,Mimic Glass Lizard,Ophisaurus mimicus,,,,,,,,,,,,,,,,,,,,,X,,,,,X,,,,,,,,,,,,,,,,,,,,,,,,,,,,,,,,,,,,,,,,,,,,,,,,,,,,,,,,,,,,,,,,,,,,,,,,,,,
rMILKx,Milksnake,Lampropeltis triangulum,represented as full species in GAP,Scarlet Kingsnake or Coastal Plain Milk Snake,Lampropeltis triangulum elapsoides or L. t. temporalis,,,,,,,,,,X,,,,,,,,,,,X,,,,,X,,,,,,,,,,,,,,,,,,,,,,,,,,,,,,,,,,,,,,,,,,,,,,X,,,,,,,,,,,,,,,,,,,,,,,,,,,,,
aNTLSx,Northern Two-lined Salamander,Eurycea bislineata,,Northern Two-lined Salamander,Eurycea bislineata,,,,,,,,,,,,,,,,,,,,,,,,,,,,,,,,,,,,,,,,,,,,,,,,,,,,,,,,,,,,,,,,X,X,X,X,X,X,,,X,,,X,,,X,X,X,X,X,X,,,,,,,,,,,,,,,,,,
aOCFRx,Ornate Chorus Frog,Pseudacris ornata,,Ornate Chorus Frog,Pseudacris ornata,,,,,,,,,,,,,,,,,,,X,,X,,,,,,,X,,,,,,,,,,,,,,,,,,,,,,,,,,,,,,,,,,,,,,,,,,,,,,,,,,,,,,,,,,,,,,X,,,,,,,,,,,
rNMTUx,Northern Map Turtle,Graptemys geographica,,Northern Map Turtle,Graptemys geographica,,,,,,,,,,,,,,,,,,,,,,,,,,,,,,X?,X?,X?,,,,,,,,X?,X?,X?,,,,,,,,,,,,,,,,,,,,,,,,,,,,,,,,,,,,,,,,,,,,,,,,,,,,,,,,,,,
rNWATx,Northern Watersnake,Nerodia sipedon,represented as full species in GAP,Carolina Water Snake,Nerodia sipedon williamengelsi,,,,,,,,,,,,,,,,,,,,,,X,,,,,,,,,,,,,,,,,,,,,,,,,,,,,,,,,,,,,,,,,,,,,,,,,,,,,,,,,,,,,,,,,,,,,,,,,,,,,,,
rPINEx,Pinesnake,Pituophis melanoleucus,represented as full species in GAP,Northern Pine Snake,Pituophis melanoleucus melanoleucus,,,,,,,,,,X,,,,X,X,X,,,,,,,,,,,,,,,,,,,,,,,,,,,,,,X,,,,,,,,,,,,,,,,,,,,,,,,,,,,,,,,,,,,,,,,,,,,,,,,,,,,,,,
rPRATx,Pygmy Rattlesnake,Sistrurus miliarius,represented as full species in GAP,Carolina Pigmy Rattlesnake,Sistrurus miliarius miliarius,,,,,,,,,,X,,,,,,,,,,,,,,,,X,,,,,,,,,,,,,,,,,,,,,,,,,,,,,,,,,,,,,,,,,,,,,X,X,,,,,,,,,,,,,,,,,,,,,,,,,,,,,
rPWLIx,Pine Woods Littersnake,Rhadinaea flavilata,,Pine Woods Litter Snake,Rhadinaea flavilata,,,,,,,,,,,,,,,,,,,X,,X,,,,,X,,,,,,,,,,,,,,,,,,,,,,,,,,,,,,,,,,,,,,,,,,,,,,,,,,,,,,,,,,,,,,,,,,,,,,,,,,,
rQUEEx,Queensnake,Regina septemvittata,,Queen Snake,Regina septemvittata,,,,,,,,,,,,,,,,,,,,,,,,,,,,,,,,,,X?,X?,X?,X?,X?,X?,,,,,,,,,,,,,,,,,,,,,,,,,X?,X?,X?,X?,,,,,,,,,,,,,,,,,,,,,,,,,,,,,,,,,,
rRASNx,Rainbow Snake,Farancia erytrogramma,represented as full species in GAP,Common Rainbow Snake,Farancia erytrogramma erytrogramma,X,X,X,,,,,,,,,,,,,,,,,,,,,,,,,,,,,,,,,,,,,,,,,,,,,,,,,,,,,,,,,,,,,,,,,,,,,,,,,,,,,,,,,,,,,,,,,,,,,,,,,,
rSCARx,Scarletsnake,Cemophora coccinea,represented as full species in GAP,Northern Scarlet Snake,Cemophora coccinea copei,,,,,,,,,X,X,X,,,,,,,,,,,,,,,X,,,,,,,,,,,,,,,,,,,,,,,,,,,,,,,,,,,,,,,,,,,,,,X,,,,,,,,,,,,,,,,,,,,,,,,,,,,,
rSGLIx,Slender Glass Lizard,Ophisaurus attenuatus,represented as full species in GAP,Eastern Slender Glass Lizard,Ophisaurus attenuatus longicaudus,,,,,,,,,,X,,,,X,X,X,,,,,X,,,,,,,,,,,,,,,,,,,,,,,,,X,,,,,,,,,,,,,,,,,,,,,,,,,,X,,X,,,,,,,,X,X,,,,,,X?,X?,X?,X?,X?,,,,,,,,
rSHNSx,Southern Hog-nosed Snake,Heterodon simus,,Southern Hognose Snake,Heterodon simus,,,,,,,,,,X,X,,,,,X,,,,,,,,,,,,,,,,,,,,,,,,,,,,,,,,,,,,,,,,,,,,,,,,,,,,,,,,,,,,,,,,,,,,,,,,,X,X,,,X,,,,,,,,
rSMGRx,Smooth Greensnake,Opheodrys vernalis,,Smooth Green Snake,Opheodrys vernalis,,,,,,,,,,,,,,,,,,,,,,,,,,,,,,,,,,,,,,,,,,,,,,,X,X,X,,,,,,,,,,,,,,,,,,,,,,,,,,,,,,,,,,,,,,,,,,,,,,,,,,,,
rSPSOx,Spiny Softshell,Apalone spinifera,represented as full species in GAP,Gulf Coast or Eastern Softshell,Apalone spinifera aspera or A. S. spinifera,X,,X,,,,,,,,,,,,,,,,,,,,,,,,,,,X?,X?,X?,,,,,,,,X?,X?,X?,,,,,,,,,,,,,,,,,,,,,X,,,,,,,,,,,,,,,,,,,,,,,,,,,,,,,,,,,,,,
rSPTUx,Spotted Turtle,Clemmys guttata,,Spotted Turtle,Clemmys guttata,,,,,,,,,,,,,,,,,,,X,,,,X,X,,,,X,,,,,,,,,,,,,,,,,,,,,,,,,,,,,,,,,,,,,,,,,,,,,,,,,,X,,X,X,,,,,,,,,,,,,,,,,,,,
rSTMTx,Striped Mud Turtle,Kinosternon baurii,,Striped Mud Turtle,Kinosternon baurii,X,X,X,,,,,,,,,,,,,,,,,,,,,,,,,,,,,,,,,,,,,,,,,,,,,,,,,,,,,,,,,,,,,,,,,,,,,,,,,,,,,,,,,,,,,,,,,,,,,,,,,,
mELK1x,Elk,Cervus elaphus,,Elk,Cervus elaphus,,,,,,,,,,,,,,,,,,,,,,,,,,,,,,,,,,,,,,,,,,,,X,,X,X,X,X,X,,,X,,X,,,,,X,,,,,,,,,,,,,,,,,,,,,,,,,,,,,,,,,,,,,,,,,
rTIRAx,Timber Rattlesnake,Crotalus horridus,,Timber Rattlesnake,Crotalus horridus,,,,,,,,,X,X,,,,,,,,,X,,,,X,X,,X,,,,,,,,,,,,,,,,,,X,X,X,X,X,X,,,,,,,X,X,,,X,,,,,,,,,,,X,X,,,,,,X,,X,,,,,,,,,,,,,,,,,,,,,
mESFMx,Eastern Small-footed Myotis,Myotis leibii,,Eastern Small-footed Myotis,Myotis leibii,,,,,,,,,,,,,,,,,,X,,,,,,,,,,,,,,,,,,,,,,,,,X,,,,,,,,,,,,,,X,,,,,,,,,,,,,,,,,,,,,,,,,,,,,,,,,,,,,,,,,,,,
rYBKIx,Yellow-bellied Kingsnake,Lampropeltis calligaster,represented as full species in GAP,Mole Kingsnake,Lampropeltis calligaster rhombomaculata,,,,,,,,,,,,,,X?,X?,X?,X?,,,,,,,,,,,,,,,,,,,,,,,,,,,,,,X?,X?,X?,X?,,,,,,,,,,,,,,,,,,,,,,,,X?,X?,,,,,,,X?,X?,,,,,,,,X?,X?,X?,X?,,,,,,,
aSODSx,Southern Dusky Salamander,Desmognathus auriculatus,,Southern Dusky Salamander,Desmognathus auriculatus,,,,,,,,,,,X,,,,,,,,,,,,X,X,,X,X,,,,,,,,,,,,,,,,,,,,,,,,,,,,,,,,,,,,,,,,,,,,,,,,,,,,,,,,,,,,,,,,,,,,,,,,,,
aSPDSx,Spotted Dusky Salamander,Desmognathus conanti,,Spotted Dusky Salamander,Desmognathus conanti,,,,,,,,,,,,,,,,,,,,,,,,,,,,,,,,,X,X,X,,,,,,,,,X,X,X,,,,,,X,X,,,,,X,X,X,X,,,,,,,,,,,,,,,,,,,,,,,,,,,,,,,,,,,,,,,,
aSRSAx,Southern Ravine Salamander,Plethodon richmondi,,Southern Ravine Salamander,Plethodon richmondi,,,,,,,,,,,,,,,,,,,,,,,,,,,,,,,,,,,,,,,,,,,,X,X,X,,,,,,X,X,,,,X,,,,,,,,,,,,,,,,,,,,,,,,,,,,,,,,,,,,,,,,,,,,
